,qual mean ARI,qual std ARI,sim mean ARI,sim std ARI,qual mean AMI,qual std AMI,sim mean AMI,sim std AMI,qual mean FMI,qual std FMI,sim mean FMI,sim std FMI,time mean,time std
0,0.2701945438613878,0.0,0.32635988543403116,0.03890330127466121,0.4002493570704391,1.1102230246251565e-16,0.2990266753207536,0.037088397432211956,0.5052491373014913,1.1102230246251565e-16,0.2072060044255227,0.025090629619056594,2.387666212187873,0.4449265639198284
1,0.2506230719293168,0.02027405206848564,0.6736401145659687,0.03890330127466121,0.36174602187719784,0.0202231135033468,0.7009733246792464,0.037088397432211956,0.4764805909173752,0.015507907866988519,0.7927939955744775,0.025090629619056594,2.387666212187873,0.4449265639198284
