,qual mean ARI,qual std ARI,sim mean ARI,sim std ARI,qual mean AMI,qual std AMI,sim mean AMI,sim std AMI,qual mean FMI,qual std FMI,sim mean FMI,sim std FMI,time mean,time std
0,0.3624032444422914,5.551115123125783e-17,0.10616248924832085,0.0014695720001918385,0.48353730578431453,5.551115123125783e-17,0.12194977267126972,0.0014256179575201126,0.42724874094351145,1.1102230246251565e-16,0.09520086609448093,0.0013176329858197238,28.34507823255327,2.229274833928614
1,0.32794831273992286,0.0007011805054915558,0.8938375107516793,0.0014695720001918385,0.44288408233875737,0.000749877023292393,0.8780502273287303,0.0014256179575201126,0.39643307985441734,0.000624273480683154,0.9047991339055191,0.0013176329858197238,28.34507823255327,2.229274833928614
