,qual mean ARI,qual std ARI,sim mean ARI,sim std ARI,qual mean AMI,qual std AMI,sim mean AMI,sim std AMI,qual mean FMI,qual std FMI,sim mean FMI,sim std FMI,time mean,time std
0,0.3624032444422914,5.551115123125783e-17,2.236818277599781e-05,2.1977629838279116e-05,0.48353730578431453,5.551115123125783e-17,4.1942911845925677e-05,4.0105403932438404e-05,0.42724874094351145,1.1102230246251565e-16,2.0063365958369576e-05,1.9713055870266895e-05,1.0372929149203831,0.1165242561011777
1,0.36240352816928423,7.081133655919346e-06,0.9999776318172241,2.1977629838279116e-05,0.4835346758364678,8.47195512022975e-06,0.9999580570881542,4.01054039324384e-05,0.4272489625736471,6.410644669660843e-06,0.9999799366340416,1.971305587026689e-05,1.0372929149203831,0.1165242561011777
