,qual mean ARI,qual std ARI,sim mean ARI,sim std ARI,qual mean AMI,qual std AMI,sim mean AMI,sim std AMI,qual mean FMI,qual std FMI,sim mean FMI,sim std FMI,time mean,time std
0,0.3624032444422914,5.551115123125783e-17,0.0028686034627596214,0.0002634745344289276,0.48353730578431453,5.551115123125783e-17,0.004774632430786334,0.00039713270901471957,0.42724874094351145,1.1102230246251565e-16,0.002573029481577215,0.000236327294737735,70.80029717551338,4.418221210212052
1,0.362343975510818,9.094064924596301e-05,0.9971313965372405,0.0002634745344289276,0.4832869530037227,0.00011722899780239404,0.9952253675692135,0.00039713270901471957,0.4271937488399782,8.186411712388797e-05,0.9974269705184226,0.00023632729473773497,70.80029717551338,4.418221210212052
