,qual mean ARI,qual std ARI,sim mean ARI,sim std ARI,qual mean AMI,qual std AMI,sim mean AMI,sim std AMI,qual mean FMI,qual std FMI,sim mean FMI,sim std FMI,time mean,time std
0,0.3624032444422914,5.551115123125783e-17,3.737075113252238e-05,3.274913903762045e-05,0.48353730578431453,5.551115123125783e-17,7.197296352931351e-05,6.255351881095926e-05,0.42724874094351145,1.1102230246251565e-16,3.3520068273621786e-05,2.9374666695475174e-05,1.055610269970364,0.04173591672414098
1,0.36240479920786206,1.3280905265571286e-05,0.9999626292488674,3.274913903762044e-05,0.4835379955260315,1.4840280068628913e-05,0.9999280270364708,6.255351881095926e-05,0.42725010592136875,1.1982420140815487e-05,0.9999664799317265,2.9374666695475177e-05,1.055610269970364,0.04173591672414098
