,qual mean ARI,qual std ARI,sim mean ARI,sim std ARI,qual mean AMI,qual std AMI,sim mean AMI,sim std AMI,qual mean FMI,qual std FMI,sim mean FMI,sim std FMI,time mean,time std
0,0.3624032444422914,5.551115123125783e-17,0.000382057481778549,9.192054941972478e-05,0.48353730578431453,5.551115123125783e-17,0.0006963248267798521,0.000164476211782288,0.42724874094351145,1.1102230246251565e-16,0.0003426905179121883,8.244924005486968e-05,1.693454885482788,0.11524068358425409
1,0.36239931799202874,3.634992981573322e-05,0.9996179425182213,9.192054941972478e-05,0.4835102237845357,4.246034759159565e-05,0.9993036751732203,0.000164476211782288,0.42724472552113113,3.264318398784127e-05,0.9996573094820878,8.244924005486968e-05,1.693454885482788,0.11524068358425409
