,qual mean ARI,qual std ARI,sim mean ARI,sim std ARI,qual mean AMI,qual std AMI,sim mean AMI,sim std AMI,qual mean FMI,qual std FMI,sim mean FMI,sim std FMI,time mean,time std
0,0.3624032444422914,5.551115123125783e-17,0.00015576353220690458,7.386762235375744e-05,0.48353730578431453,5.551115123125783e-17,0.0002911848318866656,0.00013073513051558173,0.42724874094351145,1.1102230246251565e-16,0.00013971358524042705,6.625623034401944e-05,0.9699703693389893,0.09045915913037626
1,0.3623665211407158,3.610805861620387e-05,0.9998442364677931,7.386762235375744e-05,0.48348350683988117,4.877390124415789e-05,0.9997088151681133,0.00013073513051558173,0.4272158755066491,3.232056237670948e-05,0.9998602864147597,6.625623034401942e-05,0.9699703693389893,0.09045915913037626
