,qual mean ARI,qual std ARI,sim mean ARI,sim std ARI,qual mean AMI,qual std AMI,sim mean AMI,sim std AMI,qual mean FMI,qual std FMI,sim mean FMI,sim std FMI,time mean,time std
0,0.3624032444422914,5.551115123125783e-17,0.0037998159410953733,0.00033130835859501967,0.48353730578431453,5.551115123125783e-17,0.006206971420737174,0.0004862767802586295,0.42724874094351145,1.1102230246251565e-16,0.0034083013342820095,0.0002971743845006235,45.9168713622623,3.723656731770073
1,0.3623906735772409,0.00011730284854869117,0.9962001840589048,0.00033130835859501967,0.48333253447231284,0.00014005460426672292,0.9937930285792628,0.0004862767802586295,0.4272339299187569,0.0001055652919210425,0.9965916986657178,0.0002971743845006235,45.9168713622623,3.723656731770073
