,qual mean ARI,qual std ARI,sim mean ARI,sim std ARI,qual mean AMI,qual std AMI,sim mean AMI,sim std AMI,qual mean FMI,qual std FMI,sim mean FMI,sim std FMI,time mean,time std
0,0.3624032444422914,5.551115123125783e-17,0.01114773650361086,0.0005713070844746711,0.48353730578431453,5.551115123125783e-17,0.017159381979704742,0.0008041767050746745,0.42724874094351145,1.1102230246251565e-16,0.00999889125397824,0.0005124481699563104,3.1910409079657662,0.1010012489293527
1,0.358808047883538,0.00029814986482210086,0.9888522634963891,0.0005713070844746711,0.47893309686461094,0.0003472541810879593,0.9828406180202953,0.0008041767050746745,0.4240290423636573,0.0002677413611575158,0.9900011087460218,0.0005124481699563103,3.1910409079657662,0.1010012489293527
