,qual mean ARI,qual std ARI,sim mean ARI,sim std ARI,qual mean AMI,qual std AMI,sim mean AMI,sim std AMI,qual mean FMI,qual std FMI,sim mean FMI,sim std FMI,time mean,time std
0,0.3624032444422914,5.551115123125783e-17,0.0002608542201624369,7.889292881606622e-05,0.48353730578431453,5.551115123125783e-17,0.00047914979415732356,0.00013706135586224428,0.42724874094351145,1.1102230246251565e-16,0.0002339758398616714,7.076381469834213e-05,1.7890567223230998,0.14085971181087087
1,0.36239987261482187,3.306254057320686e-05,0.9997391457798375,7.889292881606623e-05,0.4835137476558939,3.743619534236234e-05,0.9995208502058427,0.00013706135586224425,0.42724554279711724,2.97709845797568e-05,0.9997660241601384,7.076381469834213e-05,1.7890567223230998,0.14085971181087087
