,qual mean ARI,qual std ARI,sim mean ARI,sim std ARI,qual mean AMI,qual std AMI,sim mean AMI,sim std AMI,qual mean FMI,qual std FMI,sim mean FMI,sim std FMI,time mean,time std
0,0.3624032444422914,5.551115123125783e-17,0.001998872684906239,0.0002425988860135885,0.48353730578431453,5.551115123125783e-17,0.003331386381020048,0.0003742464247389104,0.42724874094351145,1.1102230246251565e-16,0.0017929132346277145,0.00021760316011747217,150.20046060880026,8.820677218031788
1,0.3622181487900992,7.338165738344864e-05,0.9980011273150937,0.0002425988860135885,0.4831714045540597,9.317195041684504e-05,0.99666861361898,0.0003742464247389104,0.42708082936071257,6.633601708250976e-05,0.9982070867653723,0.0002176031601174722,150.20046060880026,8.820677218031788
