,qual mean ARI,qual std ARI,sim mean ARI,sim std ARI,qual mean AMI,qual std AMI,sim mean AMI,sim std AMI,qual mean FMI,qual std FMI,sim mean FMI,sim std FMI,time mean,time std
0,0.3624032444422914,5.551115123125783e-17,2.146579670785847e-05,2.5637073041152233e-05,0.48353730578431453,5.551115123125783e-17,3.981968376303281e-05,4.695485751632671e-05,0.42724874094351145,1.1102230246251565e-16,1.9253961777283063e-05,2.2995434983529837e-05,1.0779209719763863,0.04114841333572784
1,0.3623999617209299,9.425080560424724e-06,0.9999785342032921,2.5637073041152233e-05,0.4835334458056961,1.1597515158336672e-05,0.999960180316237,4.695485751632671e-05,0.42724576112415646,8.558127154707594e-06,0.9999807460382227,2.2995434983529837e-05,1.0779209719763863,0.04114841333572784
