,qual mean ARI,qual std ARI,sim mean ARI,sim std ARI,qual mean AMI,qual std AMI,sim mean AMI,sim std AMI,qual mean FMI,qual std FMI,sim mean FMI,sim std FMI,time mean,time std
0,0.3624032444422914,5.551115123125783e-17,0.0004034505743389507,0.00010253381643441923,0.48353730578431453,5.551115123125783e-17,0.0007400980987675918,0.00018365386560331742,0.42724874094351145,1.1102230246251565e-16,0.00036187909435298176,9.196887422927191e-05,1.6611806154251099,0.13255737921096197
1,0.36236412751621727,4.247267971547482e-05,0.9995965494256609,0.00010253381643441923,0.48346495733326966,5.261047172316726e-05,0.9992599019012325,0.00018365386560331742,0.42721340912557787,3.792852774900906e-05,0.9996381209056471,9.196887422927193e-05,1.6611806154251099,0.13255737921096197
