,qual mean ARI,qual std ARI,sim mean ARI,sim std ARI,qual mean AMI,qual std AMI,sim mean AMI,sim std AMI,qual mean FMI,qual std FMI,sim mean FMI,sim std FMI,time mean,time std
0,0.3624032444422914,5.551115123125783e-17,0.0001268578581116126,7.70951662096861e-05,0.48353730578431453,5.551115123125783e-17,0.00024254719244281884,0.00014361186916242083,0.42724874094351145,1.1102230246251565e-16,0.00011378637797804853,6.91512271256803e-05,1.6398296435674031,0.10416759600489804
1,0.3623877153491734,2.1749296568170322e-05,0.9998731421418885,7.70951662096861e-05,0.48350868634614746,3.329855117470512e-05,0.9997574528075571,0.00014361186916242083,0.42723488979391067,1.9490507738687725e-05,0.9998862136220219,6.91512271256803e-05,1.6398296435674031,0.10416759600489804
