,qual mean ARI,qual std ARI,sim mean ARI,sim std ARI,qual mean AMI,qual std AMI,sim mean AMI,sim std AMI,qual mean FMI,qual std FMI,sim mean FMI,sim std FMI,time mean,time std
0,0.3624032444422914,5.551115123125783e-17,0.0029420962211909743,0.00030794537235277476,0.48353730578431453,5.551115123125783e-17,0.004923344909999052,0.00048457146133295756,0.42724874094351145,1.1102230246251565e-16,0.0026389480197448975,0.00027621508827832504,70.32969643539853,4.219231823425014
1,0.36232052224373923,0.00010407452084682333,0.9970579037788089,0.00030794537235277476,0.483247819139713,0.00013838169393206624,0.995076655090001,0.0004845714613329575,0.4271730811978898,9.350165781697468e-05,0.9973610519802553,0.00027621508827832504,70.32969643539853,4.219231823425014
