,qual mean ARI,qual std ARI,sim mean ARI,sim std ARI,qual mean AMI,qual std AMI,sim mean AMI,sim std AMI,qual mean FMI,qual std FMI,sim mean FMI,sim std FMI,time mean,time std
0,0.3624032444422914,5.551115123125783e-17,0.0013079726061858204,0.00022671622656638115,0.48353730578431453,5.551115123125783e-17,0.0022883049951340296,0.0003714001108697391,0.42724874094351145,1.1102230246251565e-16,0.0011731972353982009,0.00020335505085745245,7.942104506492615,0.4431079609605154
1,0.3622429233774852,7.204866172483511e-05,0.9986920273938141,0.00022671622656638115,0.4832307436147319,0.00011253974479238029,0.997711695004866,0.00037140011086973915,0.42710557207295746,6.469433689163014e-05,0.9988268027646017,0.00020335505085745245,7.942104506492615,0.4431079609605154
