,qual mean ARI,qual std ARI,sim mean ARI,sim std ARI,qual mean AMI,qual std AMI,sim mean AMI,sim std AMI,qual mean FMI,qual std FMI,sim mean FMI,sim std FMI,time mean,time std
0,0.3624032444422914,5.551115123125783e-17,0.00020148203742920763,7.741884855592995e-05,0.48353730578431453,5.551115123125783e-17,0.0003706155492232657,0.00013947113934524542,0.42724874094351145,1.1102230246251565e-16,0.0001807213540670939,6.94416132349847e-05,2.014978456497192,0.19265846687707713
1,0.3623836262761004,2.413715218544509e-05,0.9997985179625709,7.741884855592995e-05,0.48349879762842757,3.6782356438612954e-05,0.9996293844507768,0.00013947113934524542,0.4272309461403019,2.1666674081050363e-05,0.9998192786459329,6.944161323498468e-05,2.014978456497192,0.19265846687707713
