,qual mean ARI,qual std ARI,sim mean ARI,sim std ARI,qual mean AMI,qual std AMI,sim mean AMI,sim std AMI,qual mean FMI,qual std FMI,sim mean FMI,sim std FMI,time mean,time std
0,0.3624032444422914,5.551115123125783e-17,0.0011085121599068654,0.00017617688474190414,0.48353730578431453,5.551115123125783e-17,0.0020231384683469375,0.0002997772677077521,0.42724874094351145,1.1102230246251565e-16,0.0009942883846553385,0.0001580229825519163,1.254685221778022,0.05605197789587361
1,0.36203376780282215,9.193899550900672e-05,0.9988914878400931,0.00017617688474190414,0.48305900431968307,0.0001163907299799687,0.997976861531653,0.0002997772677077521,0.42691815006145006,8.209888431427888e-05,0.9990057116153448,0.0001580229825519163,1.254685221778022,0.05605197789587361
