,qual mean ARI,qual std ARI,sim mean ARI,sim std ARI,qual mean AMI,qual std AMI,sim mean AMI,sim std AMI,qual mean FMI,qual std FMI,sim mean FMI,sim std FMI,time mean,time std
0,0.8558471895050298,1.1102230246251565e-16,0.02638116688978294,0.009147009500335477,0.769587215341423,0.0,0.05630265145692016,0.016812090920750266,0.9278525835158179,0.0,0.01320339369620375,0.004577824947507443,1.2772675620185003,0.14345900280234214
1,0.8796510071101865,0.008890723046449125,0.9736188331102171,0.009147009500335476,0.800622152527358,0.011863942651050332,0.94369734854308,0.01681209092075027,0.9397669118353176,0.004449982431378587,0.9867966063037964,0.004577824947507443,1.2772675620185003,0.14345900280234214
