,qual mean ARI,qual std ARI,sim mean ARI,sim std ARI,qual mean AMI,qual std AMI,sim mean AMI,sim std AMI,qual mean FMI,qual std FMI,sim mean FMI,sim std FMI,time mean,time std
0,0.14949112464945893,0.0,0.20703863068339845,0.020831438061374247,0.26561644213757984,5.551115123125783e-17,0.3335541504721881,0.027824249059134012,0.6496291773608717,0.0,0.06839655095081378,0.0072600633544161975,1.3102265569898817,0.15842627418971955
1,0.15762608301934158,0.012540345252493734,0.7929613693166015,0.020831438061374247,0.21374626204723896,0.017854213782815105,0.6664458495278118,0.027824249059134012,0.6388920220593801,0.004608646658419689,0.9316034490491862,0.007260063354416197,1.3102265569898817,0.15842627418971955
