,qual mean ARI,qual std ARI,sim mean ARI,sim std ARI,qual mean AMI,qual std AMI,sim mean AMI,sim std AMI,qual mean FMI,qual std FMI,sim mean FMI,sim std FMI,time mean,time std
0,0.41291603220103756,1.1102230246251565e-16,0.01733491483722254,0.003975776950290407,0.5734470100355872,0.0,0.02470637943653644,0.005299768560506697,0.5109850528643586,0.0,0.014163810869646272,0.0032490188715413814,6.44419334464603,1.1475365867504443
1,0.41220313126534464,0.001428295721450079,0.9826650851627774,0.003975776950290407,0.5696145876311544,0.0021421651276559957,0.9752936205634634,0.005299768560506697,0.5102305730765144,0.0011710139719039744,0.9858361891303538,0.0032490188715413814,6.44419334464603,1.1475365867504443
