,qual mean ARI,qual std ARI,sim mean ARI,sim std ARI,qual mean AMI,qual std AMI,sim mean AMI,sim std AMI,qual mean FMI,qual std FMI,sim mean FMI,sim std FMI,time mean,time std
0,0.815060624249724,1.1102230246251565e-16,0.009159091149174155,0.002674189488952392,0.7284079504141622,0.0,0.02286404896908956,0.0057416460712694855,0.907620740031313,1.1102230246251565e-16,0.004569976840901757,0.0013344209747817425,3.354813339975145,0.3958717730330703
1,0.8218770691450381,0.00253146241997973,0.9908409088508259,0.002674189488952392,0.7362371138002991,0.003025574764836312,0.9771359510309103,0.0057416460712694855,0.9110173304863811,0.001262304914752813,0.9954300231590983,0.0013344209747817427,3.354813339975145,0.3958717730330703
