,qual mean ARI,qual std ARI,sim mean ARI,sim std ARI,qual mean AMI,qual std AMI,sim mean AMI,sim std AMI,qual mean FMI,qual std FMI,sim mean FMI,sim std FMI,time mean,time std
0,0.15076449657712238,2.7755575615628914e-17,0.04145833856762293,0.008884286519297985,0.2647942584178007,0.0,0.04608735372101205,0.008947709867081228,0.2999706128926363,5.551115123125783e-17,0.036134927339691085,0.007739828902396472,11.37291177113851,2.2823029346481327
1,0.15207354908195944,0.0019040899751056857,0.9585416614323773,0.008884286519297985,0.26531061215976814,0.00199033887119307,0.9539126462789879,0.008947709867081228,0.3013200321879912,0.001738862210315565,0.9638650726603091,0.007739828902396471,11.37291177113851,2.2823029346481327
