,qual mean ARI,qual std ARI,sim mean ARI,sim std ARI,qual mean AMI,qual std AMI,sim mean AMI,sim std AMI,qual mean FMI,qual std FMI,sim mean FMI,sim std FMI,time mean,time std
0,0.1317810763235646,2.7755575615628914e-17,0.0007807432267115432,0.0003028833004017798,0.35413982261353055,0.0,0.0008594730366975433,0.00031733057591453167,0.1687748333366541,0.0,0.0007449003074485853,0.000288978376507292,24.720954015519883,3.278698409454174
1,0.1317934013913072,4.402060797708862e-05,0.9992192567732884,0.0003028833004017798,0.3541389530373835,6.414432197076647e-05,0.9991405269633025,0.0003173305759145316,0.16878592016121202,4.0718943697720925e-05,0.9992550996925514,0.00028897837650729204,24.720954015519883,3.278698409454174
