,qual mean ARI,qual std ARI,sim mean ARI,sim std ARI,qual mean AMI,qual std AMI,sim mean AMI,sim std AMI,qual mean FMI,qual std FMI,sim mean FMI,sim std FMI,time mean,time std
0,0.6572627816995013,1.1102230246251565e-16,0.03268015775065247,0.008625497218547825,0.6707057458537611,2.220446049250313e-16,0.09242574317609409,0.018552753137917252,0.80648221221256,2.220446049250313e-16,0.02216462732895285,0.005821131170065991,4.486050595177544,0.659456823688123
1,0.6532309006179008,0.005337193462452398,0.9673198422493475,0.008625497218547825,0.6623837990451512,0.009939693703253167,0.9075742568239058,0.018552753137917252,0.803968669944926,0.003316629784951842,0.9778353726710471,0.005821131170065991,4.486050595177544,0.659456823688123
