,qual mean ARI,qual std ARI,sim mean ARI,sim std ARI,qual mean AMI,qual std AMI,sim mean AMI,sim std AMI,qual mean FMI,qual std FMI,sim mean FMI,sim std FMI,time mean,time std
0,0.4407613690230375,5.551115123125783e-17,0.12779463772757227,0.02514231925790318,0.5811286817667672,1.1102230246251565e-16,0.11549883624359467,0.02113115390343576,0.5723843749402773,1.1102230246251565e-16,0.10821404205619398,0.021286631595642255,4.102637041939629,0.8986142814997966
1,0.4568801551072187,0.010898899427236562,0.8722053622724276,0.02514231925790318,0.5914483195628051,0.010911431851338041,0.8845011637564054,0.02113115390343576,0.5858281088742527,0.009072444755142092,0.891785957943806,0.021286631595642255,4.102637041939629,0.8986142814997966
