,qual mean ARI,qual std ARI,sim mean ARI,sim std ARI,qual mean AMI,qual std AMI,sim mean AMI,sim std AMI,qual mean FMI,qual std FMI,sim mean FMI,sim std FMI,time mean,time std
0,0.10022375900972012,4.163336342344337e-17,0.16490424280128368,0.019064269975446843,0.07361047405647966,1.3877787807814457e-17,0.2550858892901771,0.023374308962000396,0.5497705126880366,1.1102230246251565e-16,0.08249745839749206,0.009538294354736467,1.4628554238213434,0.194592775554133
1,0.13585125973167858,0.008882215972243573,0.8350957571987163,0.019064269975446843,0.10042378277908767,0.006724133055829226,0.7449141107098229,0.0233743089620004,0.5675837016684164,0.004440541000778509,0.9175025416025081,0.009538294354736467,1.4628554238213434,0.194592775554133
