,qual mean ARI,qual std ARI,sim mean ARI,sim std ARI,qual mean AMI,qual std AMI,sim mean AMI,sim std AMI,qual mean FMI,qual std FMI,sim mean FMI,sim std FMI,time mean,time std
0,0.3711137182308475,5.551115123125783e-17,0.3665216507318147,0.03666540369940406,0.4226866642766121,1.6653345369377348e-16,0.3783007410388115,0.03310015501513807,0.5835370218944976,0.0,0.24277284916131134,0.024303744030635878,1.3224182923634846,0.21513922889782433
1,0.46860861947800087,0.04897372328861311,0.6334783492681852,0.03666540369940406,0.4881638309240949,0.03718343143391476,0.6216992589611885,0.03310015501513807,0.6481182727778558,0.03239250227679921,0.7572271508386887,0.02430374403063588,1.3224182923634846,0.21513922889782433
