,qual mean ARI,qual std ARI,sim mean ARI,sim std ARI,qual mean AMI,qual std AMI,sim mean AMI,sim std AMI,qual mean FMI,qual std FMI,sim mean FMI,sim std FMI,time mean,time std
0,0.15076449657712238,2.7755575615628914e-17,0.013921438270643183,0.0046594768568149585,0.2647942584178007,0.0,0.01581700390852165,0.004873906256043863,0.2999706128926363,5.551115123125783e-17,0.0121396563245533,0.004063483555731404,2.060162154833476,0.6905869183106477
1,0.1503611250919107,0.0009741026077368323,0.9860785617293568,0.0046594768568149585,0.26400375321830416,0.0013715850031163358,0.9841829960914784,0.004873906256043863,0.2995659167444877,0.000871397898954875,0.9878603436754466,0.004063483555731404,2.060162154833476,0.6905869183106477
