,qual mean ARI,qual std ARI,sim mean ARI,sim std ARI,qual mean AMI,qual std AMI,sim mean AMI,sim std AMI,qual mean FMI,qual std FMI,sim mean FMI,sim std FMI,time mean,time std
0,0.15076449657712238,2.7755575615628914e-17,0.11941347375940811,0.011330187023584775,0.2647942584178007,0.0,0.11331195168604699,0.009118418233865878,0.2999706128926363,5.551115123125783e-17,0.10418565908135179,0.009890667836199121,216.6592576291826,93.04633423488605
1,0.14789484946877124,0.002886000891386279,0.880586526240592,0.011330187023584775,0.25926696762538737,0.003650100553945441,0.886688048313953,0.009118418233865878,0.2969886219024152,0.0026478666389507487,0.8958143409186483,0.009890667836199121,216.6592576291826,93.04633423488605
