,qual mean ARI,qual std ARI,sim mean ARI,sim std ARI,qual mean AMI,qual std AMI,sim mean AMI,sim std AMI,qual mean FMI,qual std FMI,sim mean FMI,sim std FMI,time mean,time std
0,0.15076449657712238,2.7755575615628914e-17,0.19182000020142367,0.01590901843005083,0.2647942584178007,0.0,0.18169746441568363,0.012150141440265924,0.2999706128926363,5.551115123125783e-17,0.16596317067030647,0.013556248341497214,425.3805619955063,464.3380910282055
1,0.14513490813163027,0.004390846496425294,0.8081799997985762,0.015909018430050832,0.2471064474558446,0.004944079933322697,0.8183025355843164,0.012150141440265924,0.29866123491056507,0.0042464506426045335,0.8340368293296935,0.013556248341497214,425.3805619955063,464.3380910282055
