,qual mean ARI,qual std ARI,sim mean ARI,sim std ARI,qual mean AMI,qual std AMI,sim mean AMI,sim std AMI,qual mean FMI,qual std FMI,sim mean FMI,sim std FMI,time mean,time std
0,0.15076449657712238,2.7755575615628914e-17,0.3162121735145129,0.015776056321546994,0.2647942584178007,0.0,0.29681269624654055,0.013860077008827826,0.2999706128926363,5.551115123125783e-17,0.27560320392112964,0.013658540365637484,98.08846300443014,30.115077535478793
1,0.170441830282739,0.006928243234037587,0.683787826485487,0.015776056321546994,0.2809925830837025,0.006559696452923452,0.7031873037534594,0.013860077008827824,0.3173262995591528,0.006279601740235854,0.7243967960788704,0.013658540365637484,98.08846300443014,30.115077535478793
