,qual mean ARI,qual std ARI,sim mean ARI,sim std ARI,qual mean AMI,qual std AMI,sim mean AMI,sim std AMI,qual mean FMI,qual std FMI,sim mean FMI,sim std FMI,time mean,time std
0,0.15076449657712238,2.7755575615628914e-17,0.0038263743405963736,0.0023766598002278386,0.2647942584178007,0.0,0.004634058942688994,0.002719591783254136,0.2999706128926363,5.551115123125783e-17,0.003336381771907462,0.0020723883793118637,0.10014094511667883,0.02021085007832821
1,0.15080745927671074,0.0005717558823257663,0.9961736256594035,0.002376659800227839,0.264876731773932,0.0006805570128843452,0.9953659410573111,0.0027195917832541364,0.3000015488028627,0.000529246048387349,0.9966636182280924,0.0020723883793118637,0.10014094511667883,0.02021085007832821
