,qual mean ARI,qual std ARI,sim mean ARI,sim std ARI,qual mean AMI,qual std AMI,sim mean AMI,sim std AMI,qual mean FMI,qual std FMI,sim mean FMI,sim std FMI,time mean,time std
0,0.15076449657712238,2.7755575615628914e-17,0.22018957443561316,0.013100029059126555,0.2647942584178007,0.0,0.2131358838246805,0.010999977988001923,0.2999706128926363,5.551115123125783e-17,0.19201385828230713,0.011415647596849298,27.50960466066996,11.593207116793009
1,0.15800861271795205,0.004869577268702687,0.779810425564387,0.013100029059126553,0.2686767140396567,0.005431726518683171,0.7868641161753195,0.010999977988001924,0.3062037452979662,0.004245983083769455,0.8079861417176929,0.011415647596849297,27.50960466066996,11.593207116793009
