,qual mean ARI,qual std ARI,sim mean ARI,sim std ARI,qual mean AMI,qual std AMI,sim mean AMI,sim std AMI,qual mean FMI,qual std FMI,sim mean FMI,sim std FMI,time mean,time std
0,0.15076449657712238,2.7755575615628914e-17,0.2133090526384819,0.01346994267597017,0.2647942584178007,0.0,0.20664240485798252,0.010833882936758224,0.2999706128926363,5.551115123125783e-17,0.18607567829194088,0.011740199627502947,40.29650928709242,19.62444892260967
1,0.15831302588380178,0.005047826871029587,0.786690947361518,0.013469942675970173,0.27068578941302407,0.005424109115887593,0.7933575951420173,0.010833882936758226,0.30622974177393203,0.004525257835710829,0.8139243217080592,0.011740199627502947,40.29650928709242,19.62444892260967
