,qual mean ARI,qual std ARI,sim mean ARI,sim std ARI,qual mean AMI,qual std AMI,sim mean AMI,sim std AMI,qual mean FMI,qual std FMI,sim mean FMI,sim std FMI,time mean,time std
0,0.15076449657712238,2.7755575615628914e-17,0.024991397228621176,0.0060018491836310185,0.2647942584178007,0.0,0.028858395022511,0.006453957593884791,0.2999706128926363,5.551115123125783e-17,0.02178970779467572,0.005233049031501887,0.5230489995744493,0.07385896531218286
1,0.15176625282448425,0.0016891556314655362,0.975008602771379,0.0060018491836310185,0.26587493245592075,0.0017309435466536668,0.971141604977489,0.00645395759388479,0.300873423266277,0.0015453464123444016,0.9782102922053241,0.005233049031501887,0.5230489995744493,0.07385896531218286
