,qual mean ARI,qual std ARI,sim mean ARI,sim std ARI,qual mean AMI,qual std AMI,sim mean AMI,sim std AMI,qual mean FMI,qual std FMI,sim mean FMI,sim std FMI,time mean,time std
0,0.15081383024754177,0.00040458756218593537,0.8910591861283267,0.00718052262050843,0.265039335654797,0.001352323078910493,0.8052754144639276,0.010885426893177742,0.29999169621857036,0.0002617003597125973,0.7034591931364089,0.0068423287988012334,18.931708195474414,0.6195180280919619
1,0.11280337673702966,0.011689751562361812,0.10894081387167336,0.007180522620508425,0.20175287986883664,0.010403656334588195,0.19472458553607244,0.010885426893177742,0.3466865202695638,0.009099637580964767,0.2965408068635911,0.006842328798801234,18.931708195474414,0.6195180280919619
