,qual mean ARI,qual std ARI,sim mean ARI,sim std ARI,qual mean AMI,qual std AMI,sim mean AMI,sim std AMI,qual mean FMI,qual std FMI,sim mean FMI,sim std FMI,qual mean Silhouette,qual std Silhouette,time mean,time std
0,0.1087087453475149,0.006611224042490702,0.0,0.0,0.19497591423521404,0.008723704385988726,0.0,0.0,0.278333306832777,0.006108758910456909,0.0,0.0,0.01564161516593856,0.011859124993330333,1.3621979157129924,0.24501319609049751
1,0.1087087453475149,0.006611224042490702,1.0,0.0,0.19497591423521404,0.008723704385988726,1.0,0.0,0.278333306832777,0.006108758910456909,1.0,0.0,0.01564161516593856,0.011859124993330333,1.3621979157129924,0.24501319609049751
