,qual mean ARI,qual std ARI,sim mean ARI,sim std ARI,qual mean AMI,qual std AMI,sim mean AMI,sim std AMI,qual mean FMI,qual std FMI,sim mean FMI,sim std FMI,time mean,time std
0,0.15076449657712238,2.7755575615628914e-17,0.024053733463999624,0.005336480253311936,0.2647942584178007,0.0,0.027969646964505577,0.005715788086562856,0.2999706128926363,5.551115123125783e-17,0.020960527880726772,0.004645755293358809,0.4837417840957642,0.12597314785303607
1,0.15011931244441293,0.001344956976957211,0.9759462665360003,0.005336480253311936,0.26293953769267414,0.0019084001579783491,0.9720303530354945,0.005715788086562856,0.29967895832873914,0.0012137703878381876,0.9790394721192732,0.004645755293358809,0.4837417840957642,0.12597314785303607
