,qual mean ARI,qual std ARI,sim mean ARI,sim std ARI,qual mean AMI,qual std AMI,sim mean AMI,sim std AMI,qual mean FMI,qual std FMI,sim mean FMI,sim std FMI,time mean,time std
0,0.15076449657712238,2.7755575615628914e-17,0.0018581374602971551,0.0017673876082689183,0.2647942584178007,0.0,0.002098906664456642,0.001950014585713309,0.2999706128926363,5.551115123125783e-17,0.0016201917611489492,0.0015410813165367143,0.07751358879937062,0.010137002835015884
1,0.1507191793145615,0.00041351334345191904,0.9981418625397028,0.0017673876082689183,0.26467261185309754,0.0005413204132223486,0.9979010933355433,0.001950014585713309,0.2999257768066729,0.00037091661220869335,0.998379808238851,0.001541081316536714,0.07751358879937062,0.010137002835015884
