,qual mean ARI,qual std ARI,sim mean ARI,sim std ARI,qual mean AMI,qual std AMI,sim mean AMI,sim std AMI,qual mean FMI,qual std FMI,sim mean FMI,sim std FMI,time mean,time std
0,0.15076449657712238,2.7755575615628914e-17,0.03936780113615629,0.006707020484610863,0.2647942584178007,0.0,0.04532390954180023,0.006690248710036577,0.2999706128926363,5.551115123125783e-17,0.03432813837818864,0.0058489622446115655,7.3283774481879345,1.5314657690193987
1,0.15146759983871647,0.0017261653349538108,0.9606321988638437,0.006707020484610862,0.26535826998163986,0.001947473908793025,0.9546760904581998,0.006690248710036576,0.30055225227202514,0.001561690255452007,0.9656718616218113,0.0058489622446115655,7.3283774481879345,1.5314657690193987
