,qual mean ARI,qual std ARI,sim mean ARI,sim std ARI,qual mean AMI,qual std AMI,sim mean AMI,sim std AMI,qual mean FMI,qual std FMI,sim mean FMI,sim std FMI,time mean,time std
0,0.15076449657712238,2.7755575615628914e-17,0.06362133584342194,0.009652313774770273,0.2647942584178007,0.0,0.06640460257153219,0.008882713086072231,0.2999706128926363,5.551115123125783e-17,0.05534595404243167,0.00837906852761118,0.2379027764002482,0.02205688915057727
1,0.14499545065332217,0.0028488345998486865,0.9363786641565781,0.009652313774770273,0.25366075879345934,0.004160780388447751,0.933595397428468,0.008882713086072231,0.2959660178071254,0.0026485828201208827,0.9446540459575683,0.008379068527611179,0.2379027764002482,0.02205688915057727
