,qual mean ARI,qual std ARI,sim mean ARI,sim std ARI,qual mean AMI,qual std AMI,sim mean AMI,sim std AMI,qual mean FMI,qual std FMI,sim mean FMI,sim std FMI,time mean,time std
0,0.15076449657712238,2.7755575615628914e-17,0.0340643482395461,0.006873894038437012,0.2647942584178007,0.0,0.0395371321399021,0.006931821498831035,0.2999706128926363,5.551115123125783e-17,0.029696775081078302,0.005992090984802798,0.6277040428585476,0.08288530437943464
1,0.15099049391876285,0.0019397168262081784,0.9659356517604537,0.006873894038437012,0.2643641081957255,0.002429446202469026,0.9604628678600979,0.006931821498831035,0.3002670743921778,0.0017821556345476006,0.9703032249189216,0.005992090984802798,0.6277040428585476,0.08288530437943464
