,qual mean ARI,qual std ARI,sim mean ARI,sim std ARI,qual mean AMI,qual std AMI,sim mean AMI,sim std AMI,qual mean FMI,qual std FMI,sim mean FMI,sim std FMI,time mean,time std
0,0.15076449657712238,2.7755575615628914e-17,0.00326583833962751,0.001769688644639868,0.2647942584178007,0.0,0.0038429273815732455,0.001980791064411384,0.2999706128926363,5.551115123125783e-17,0.002847405065313159,0.0015428655966974148,0.05500862333509653,0.006695587491700844
1,0.1508660973734693,0.0006294970279765556,0.9967341616603723,0.0017696886446398681,0.26501532776558034,0.0007214155840843235,0.9961570726184268,0.001980791064411384,0.30008402736089695,0.0005436689487709825,0.9971525949346868,0.0015428655966974148,0.05500862333509653,0.006695587491700844
