,qual mean ARI,qual std ARI,sim mean ARI,sim std ARI,qual mean AMI,qual std AMI,sim mean AMI,sim std AMI,qual mean FMI,qual std FMI,sim mean FMI,sim std FMI,time mean,time std
0,0.15076449657712238,2.7755575615628914e-17,0.01327684745243334,0.004114158424542798,0.2647942584178007,0.0,0.01593180162374797,0.004298867848579012,0.2999706128926363,5.551115123125783e-17,0.011572598102319705,0.003586310055133432,0.10910311010148786,0.014962927568175721
1,0.15017439618542344,0.0012466471231403838,0.9867231525475668,0.004114158424542798,0.2634636437381281,0.0017662669888225324,0.984068198376252,0.004298867848579013,0.2995943381150905,0.0011542134466761248,0.9884274018976803,0.0035863100551334326,0.10910311010148786,0.014962927568175721
