,qual mean ARI,qual std ARI,sim mean ARI,sim std ARI,qual mean AMI,qual std AMI,sim mean AMI,sim std AMI,qual mean FMI,qual std FMI,sim mean FMI,sim std FMI,time mean,time std
0,0.15076449657712238,2.7755575615628914e-17,0.44634674451793654,0.016046239820089375,0.2647942584178007,0.0,0.3716870157902032,0.014211129276646228,0.2999706128926363,5.551115123125783e-17,0.3790895885871375,0.013713661651873137,2.430993186102973,0.08602288713603252
1,0.10699120603411533,0.0054255644604415945,0.5536532554820633,0.016046239820089375,0.19386226637483758,0.00667759678356746,0.6283129842097969,0.014211129276646228,0.2768994218283047,0.005479896710192401,0.6209104114128625,0.013713661651873137,2.430993186102973,0.08602288713603252
