,qual mean ARI,qual std ARI,sim mean ARI,sim std ARI,qual mean AMI,qual std AMI,sim mean AMI,sim std AMI,qual mean FMI,qual std FMI,sim mean FMI,sim std FMI,time mean,time std
0,0.006409844785829634,8.673617379884035e-19,0.6512965679212611,0.0356201037561945,0.0053052470002697616,0.0,0.7284605709829187,0.031219413956690627,0.5027663757107328,2.220446049250313e-16,0.3260748001669254,0.017873406220253796,0.7564281278186374,0.11856118225144036
1,0.0482748384750545,0.04713530315310194,0.34870343207873894,0.035620103756194496,0.035886398669792714,0.035040504284832345,0.2715394290170813,0.031219413956690627,0.5238214263153611,0.023235670565200327,0.6739251998330746,0.017873406220253796,0.7564281278186374,0.11856118225144036
