,qual mean ARI,qual std ARI,sim mean ARI,sim std ARI,qual mean AMI,qual std AMI,sim mean AMI,sim std AMI,qual mean FMI,qual std FMI,sim mean FMI,sim std FMI,time mean,time std
0,0.7302382722834696,1.1102230246251565e-16,0.16011982174933212,0.02905130027478842,0.7551191675800485,1.1102230246251565e-16,0.16647970077779684,0.02529400722759044,0.8208080729114153,0.0,0.1060993968720428,0.019341314426623842,0.7904503848817613,0.08910803674933174
1,0.8456514884425741,0.040311102936169095,0.8398801782506677,0.029051300274788423,0.8391561994491007,0.035196084661548034,0.8335202992222032,0.02529400722759044,0.8967141257726909,0.02685452041801246,0.8939006031279573,0.019341314426623842,0.7904503848817613,0.08910803674933174
