,qual mean ARI,qual std ARI,sim mean ARI,sim std ARI,qual mean AMI,qual std AMI,sim mean AMI,sim std AMI,qual mean FMI,qual std FMI,sim mean FMI,sim std FMI,time mean,time std
0,0.17284451659451655,5.551115123125783e-17,0.3524375906243531,0.034361439950970143,0.1301298454839576,0.0,0.4588562880502694,0.03478970746085317,0.6028032423048888,1.1102230246251565e-16,0.17477693087114626,0.017003580443819083,0.9942044761445787,0.12932846351343463
1,0.2319587427230377,0.03478107456146204,0.6475624093756469,0.034361439950970143,0.17055437334976897,0.027582536683441888,0.5411437119497305,0.034789707460853164,0.6331727246787715,0.0170417468000819,0.8252230691288538,0.017003580443819083,0.9942044761445787,0.12932846351343463
