,qual mean ARI,qual std ARI,sim mean ARI,sim std ARI,qual mean AMI,qual std AMI,sim mean AMI,sim std AMI,qual mean FMI,qual std FMI,sim mean FMI,sim std FMI,time mean,time std
0,0.1317810763235646,2.7755575615628914e-17,0.00045277621860228976,0.00023484900527739864,0.35413982261353055,0.0,0.0004923534633424271,0.0002515610290630771,0.1687748333366541,0.0,0.00043199014295777956,0.0002240679683861469,1.5876252518759832,0.4227099008016212
1,0.13177047648264897,2.527028686688219e-05,0.9995472237813978,0.00023484900527739866,0.35409055361550484,6.637492333696563e-05,0.9995076465366576,0.00025156102906307706,0.1687638431960963,2.367821005774162e-05,0.9995680098570422,0.0002240679683861469,1.5876252518759832,0.4227099008016212
