,qual mean ARI,qual std ARI,sim mean ARI,sim std ARI,qual mean AMI,qual std AMI,sim mean AMI,sim std AMI,qual mean FMI,qual std FMI,sim mean FMI,sim std FMI,time mean,time std
0,0.1317810763235646,2.7755575615628914e-17,0.0008211976873120265,0.00021215084397096652,0.35413982261353055,0.0,0.0009150549897887081,0.00022010040445740215,0.1687748333366541,0.0,0.0007834954212540669,0.00020240966759806057,0.24065799978044297,0.06544228401917579
1,0.1317038546560492,6.206773100234894e-05,0.9991788023126879,0.00021215084397096652,0.35392652919508444,0.00012151521973076416,0.9990849450102112,0.00022010040445740215,0.1687004760780392,5.766302823385717e-05,0.9992165045787461,0.00020240966759806057,0.24065799978044297,0.06544228401917579
