,qual mean ARI,qual std ARI,sim mean ARI,sim std ARI,qual mean AMI,qual std AMI,sim mean AMI,sim std AMI,qual mean FMI,qual std FMI,sim mean FMI,sim std FMI,time mean,time std
0,0.1317810763235646,2.7755575615628914e-17,0.006689195321264651,0.0009356774688360267,0.35413982261353055,0.0,0.00700889682522271,0.0009204955753093576,0.1687748333366541,0.0,0.006382139402026023,0.0008927331102636556,174.3864497979482,30.327595484914
1,0.13166308055556755,0.0001284706396560709,0.9933108046787353,0.0009356774688360267,0.3535900797572377,0.00023156412913127435,0.9929911031747772,0.0009204955753093577,0.1686527032769042,0.00011917026210147094,0.9936178605979739,0.0008927331102636557,174.3864497979482,30.327595484914
