,qual mean ARI,qual std ARI,sim mean ARI,sim std ARI,qual mean AMI,qual std AMI,sim mean AMI,sim std AMI,qual mean FMI,qual std FMI,sim mean FMI,sim std FMI,time mean,time std
0,0.1317810763235646,2.7755575615628914e-17,0.005905595705625792,0.0008574225167354246,0.35413982261353055,0.0,0.0061465690697831855,0.0007982067971933057,0.1687748333366541,0.0,0.0056345089748525675,0.0008180698819681275,225.71892379124958,33.84786257365719
1,0.13171602026026658,0.00011161005177524427,0.9940944042943742,0.0008574225167354247,0.353759197593622,0.0002167804682932849,0.9938534309302168,0.0007982067971933057,0.16870432629823512,0.00010384281862394542,0.9943654910251473,0.0008180698819681274,225.71892379124958,33.84786257365719
