,qual mean ARI,qual std ARI,sim mean ARI,sim std ARI,qual mean AMI,qual std AMI,sim mean AMI,sim std AMI,qual mean FMI,qual std FMI,sim mean FMI,sim std FMI,time mean,time std
0,0.1317810763235646,2.7755575615628914e-17,0.0014030683697475485,0.00031457398371073777,0.35413982261353055,0.0,0.0015364113687773412,0.00032742133256651143,0.1687748333366541,0.0,0.0013386544496920363,0.00030013408790729556,1.5523180219862196,0.2842222424874622
1,0.1317200267431951,7.195617116693679e-05,0.9985969316302523,0.0003145739837107378,0.35394170710420353,0.0001442245987615183,0.9984635886312225,0.00032742133256651143,0.1687143687157787,6.773388047856152e-05,0.998661345550308,0.00030013408790729556,1.5523180219862196,0.2842222424874622
