,qual mean ARI,qual std ARI,sim mean ARI,sim std ARI,qual mean AMI,qual std AMI,sim mean AMI,sim std AMI,qual mean FMI,qual std FMI,sim mean FMI,sim std FMI,time mean,time std
0,0.1317810763235646,2.7755575615628914e-17,0.007864547470016416,0.0008317141163598898,0.35413982261353055,0.0,0.008266592930114645,0.0008334438436848914,0.1687748333366541,0.0,0.007503550642126887,0.0007935404220339738,261.9209426138136,20.32591637053534
1,0.13179873556661448,0.00013745734240185373,0.9921354525299836,0.0008317141163598898,0.35382906406143155,0.0002285234220373147,0.9917334070698853,0.0008334438436848914,0.16878101959401928,0.0001270207944196304,0.9924964493578732,0.0007935404220339738,261.9209426138136,20.32591637053534
