,qual mean ARI,qual std ARI,sim mean ARI,sim std ARI,qual mean AMI,qual std AMI,sim mean AMI,sim std AMI,qual mean FMI,qual std FMI,sim mean FMI,sim std FMI,time mean,time std
0,0.1317810763235646,2.7755575615628914e-17,4.242463278911263e-05,7.114981163034432e-05,0.35413982261353055,0.0,4.4776030871456703e-05,7.547747528357622e-05,0.1687748333366541,0.0,4.047698343655975e-05,6.788343596354962e-05,0.1813434574339125,0.027295326268220847
1,0.13177896483964813,8.424406104347783e-06,0.9999575753672109,7.114981163034432e-05,0.3541347198331609,1.917554858234642e-05,0.9999552239691286,7.547747528357622e-05,0.16877277196975882,8.06450220378701e-06,0.9999595230165635,6.788343596354962e-05,0.1813434574339125,0.027295326268220847
