,qual mean ARI,qual std ARI,sim mean ARI,sim std ARI,qual mean AMI,qual std AMI,sim mean AMI,sim std AMI,qual mean FMI,qual std FMI,sim mean FMI,sim std FMI,time mean,time std
0,0.1317810763235646,2.7755575615628914e-17,0.0007610592921194013,0.0002489680721003089,0.35413982261353055,0.0,0.0008384237359893156,0.0002660943512000993,0.1687748333366541,0.0,0.0007261203558120556,0.0002375386474002597,0.9491991837819417,0.19972319458259638
1,0.1317769531344616,4.51985287786042e-05,0.9992389407078807,0.0002489680721003089,0.3540903432525698,8.024596825631597e-05,0.9991615762640109,0.0002660943512000993,0.16876961625354342,4.223538908290431e-05,0.9992738796441878,0.0002375386474002597,0.9491991837819417,0.19972319458259638
