,qual mean ARI,qual std ARI,sim mean ARI,sim std ARI,qual mean AMI,qual std AMI,sim mean AMI,sim std AMI,qual mean FMI,qual std FMI,sim mean FMI,sim std FMI,time mean,time std
0,0.1317810763235646,2.7755575615628914e-17,7.66810152679049e-05,9.881123133696094e-05,0.35413982261353055,0.0,8.441547964410163e-05,0.000108947944188891,0.1687748333366541,0.0,7.316061280183817e-05,9.42747879859675e-05,0.11322995556725392,0.008445611660164184
1,0.1317807072786094,1.215987587132121e-05,0.9999233189847322,9.881123133696091e-05,0.35413721572814105,2.3781730482280003e-05,0.9999155845203559,0.00010894794418889097,0.1687743889450996,1.1206852507978254e-05,0.9999268393871982,9.42747879859675e-05,0.11322995556725392,0.008445611660164184
