,qual mean ARI,qual std ARI,sim mean ARI,sim std ARI,qual mean AMI,qual std AMI,sim mean AMI,sim std AMI,qual mean FMI,qual std FMI,sim mean FMI,sim std FMI,time mean,time std
0,0.1317810763235646,2.7755575615628914e-17,0.06858091661158117,0.0018422394575843776,0.35413982261353055,0.0,0.06674057830941309,0.0015479493915155347,0.1687748333366541,0.0,0.06543084312760399,0.0017583149468667204,4.722261275185479,0.09265390711770116
1,0.12471937738996217,0.00047952241911081357,0.931419083388419,0.0018422394575843778,0.33487317320334953,0.0010567502028236847,0.9332594216905871,0.0015479493915155347,0.16200295098253598,0.00045395388921271425,0.9345691568723962,0.0017583149468667206,4.722261275185479,0.09265390711770116
