,qual mean ARI,qual std ARI,sim mean ARI,sim std ARI,qual mean AMI,qual std AMI,sim mean AMI,sim std AMI,qual mean FMI,qual std FMI,sim mean FMI,sim std FMI,time mean,time std
0,0.1317810763235646,2.7755575615628914e-17,0.004502079992112811,0.0006639270992223634,0.35413982261353055,0.0,0.004581806436494406,0.0006453915464296427,0.1687748333366541,0.0,0.004295414298916778,0.0006334531969052965,387.86132133271957,102.09129067019738
1,0.13166916151335553,9.187513453767955e-05,0.9954979200078872,0.0006639270992223634,0.3536665458283847,0.00021178229542211365,0.9954181935635055,0.0006453915464296428,0.16865901555020202,8.675589600910681e-05,0.9957045857010832,0.0006334531969052965,387.86132133271957,102.09129067019738
