,qual mean ARI,qual std ARI,sim mean ARI,sim std ARI,qual mean AMI,qual std AMI,sim mean AMI,sim std AMI,qual mean FMI,qual std FMI,sim mean FMI,sim std FMI,time mean,time std
0,0.1317810763235646,2.7755575615628914e-17,0.5032637940484828,0.0037175580599271324,0.35413982261353055,0.0,0.4097012327349205,0.0026810251924007647,0.1687748333366541,0.0,0.480106150847174,0.0035563078126730897,52.84043542279137,1.2160807303516539
1,0.08141952275568139,0.0009118556798453458,0.49673620595151724,0.0037175580599271294,0.23326562622496685,0.0016773986777845658,0.5902987672650796,0.0026810251924007647,0.12043384253263939,0.0008495567223362737,0.519893849152826,0.0035563078126730897,52.84043542279137,1.2160807303516539
