,qual mean ARI,qual std ARI,sim mean ARI,sim std ARI,qual mean AMI,qual std AMI,sim mean AMI,sim std AMI,qual mean FMI,qual std FMI,sim mean FMI,sim std FMI,time mean,time std
0,0.1317810763235646,2.7755575615628914e-17,0.0006155369759259405,0.0002635617312905457,0.35413982261353055,0.0,0.0006770565823308248,0.00027714654379809133,0.1687748333366541,0.0,0.0005872785059535677,0.0002514620854439703,1.406025054719713,0.42526475916712414
1,0.13177677092662946,3.1197207850978954e-05,0.9993844630240741,0.0002635617312905457,0.3541029307831022,7.142844745158245e-05,0.9993229434176691,0.0002771465437980913,0.16877014133796145,2.9394723813007106e-05,0.9994127214940464,0.0002514620854439703,1.406025054719713,0.42526475916712414
