,qual mean ARI,qual std ARI,sim mean ARI,sim std ARI,qual mean AMI,qual std AMI,sim mean AMI,sim std AMI,qual mean FMI,qual std FMI,sim mean FMI,sim std FMI,time mean,time std
0,0.1317810763235646,2.7755575615628914e-17,0.004463383746899384,0.0007714115016905686,0.35413982261353055,0.0,0.004597625040306308,0.0007587015866725159,0.1687748333366541,0.0,0.004258461211175309,0.0007359913942953822,19.03030500147078,7.653703789150376
1,0.13159041624768625,0.00010382854257779953,0.9955366162531007,0.0007714115016905686,0.3535135512125114,0.00024238274947450855,0.9954023749596936,0.0007587015866725159,0.16859396457249606,9.710294010658909e-05,0.9957415387888245,0.0007359913942953822,19.03030500147078,7.653703789150376
