,qual mean ARI,qual std ARI,sim mean ARI,sim std ARI,qual mean AMI,qual std AMI,sim mean AMI,sim std AMI,qual mean FMI,qual std FMI,sim mean FMI,sim std FMI,time mean,time std
0,0.1317810763235646,2.7755575615628914e-17,0.007148301983905385,0.0005241238651107685,0.35413982261353055,0.0,0.00789120671743442,0.0005396012328614168,0.1687748333366541,0.0,0.00682008616812478,0.0005000529594065671,0.4548788626988729,0.005809831245867025
1,0.1310756668279499,0.00015981879088432355,0.9928516980160945,0.0005241238651107686,0.3520604588543514,0.0003118485284182689,0.9921087932825656,0.0005396012328614167,0.16809881560649817,0.00014782168645781666,0.9931799138318752,0.0005000529594065671,0.4548788626988729,0.005809831245867025
