,qual mean ARI,qual std ARI,sim mean ARI,sim std ARI,qual mean AMI,qual std AMI,sim mean AMI,sim std AMI,qual mean FMI,qual std FMI,sim mean FMI,sim std FMI,time mean,time std
0,0.1317810763235646,2.7755575615628914e-17,0.0004824605326671505,0.0002625105103601449,0.35413982261353055,0.0,0.000521908941421519,0.00027572812585730346,0.1687748333366541,0.0,0.00046031150098893765,0.00025045923690942564,0.7326944324705336,0.047768492251909093
1,0.13175948914258415,2.7996760724135365e-05,0.9995175394673327,0.00026251051036014486,0.3540654205707396,7.549606541039445e-05,0.9994780910585785,0.00027572812585730346,0.1687540298104113,2.6560509247968745e-05,0.9995396884990111,0.0002504592369094256,0.7326944324705336,0.047768492251909093
