,qual mean ARI,qual std ARI,sim mean ARI,sim std ARI,qual mean AMI,qual std AMI,sim mean AMI,sim std AMI,qual mean FMI,qual std FMI,sim mean FMI,sim std FMI,time mean,time std
0,0.1317810763235646,2.7755575615628914e-17,4.1081340203107264e-05,6.525618760859474e-05,0.35413982261353055,0.0,4.45896302123895e-05,6.839263712280196e-05,0.1687748333366541,0.0,3.919535646228613e-05,6.226036841056278e-05,0.15330681006113683,0.009287758803109041
1,0.13178005710008528,6.2248897705558445e-06,0.999958918659797,6.525618760859474e-05,0.35413572765083945,1.685620512778754e-05,0.9999554103697875,6.839263712280196e-05,0.16877379342771695,5.741488883111836e-06,0.9999608046435378,6.226036841056278e-05,0.15330681006113683,0.009287758803109041
