,ARI 0,AMI 0,FMI 0,Silhouette 0,ARI 1,AMI 1,FMI 1,Silhouette 1
0,0.1316822824507662,0.3538097461260779,0.16866879014707464,0.10106512029850012,0.13179860817803016,0.35381314018772214,0.168784756020231,0.10262147937456717
1,0.1316822824507662,0.3538097461260779,0.16866879014707464,0.10106512029850012,0.13179860817803016,0.35381314018772214,0.168784756020231,0.10262147937456716
