,ARI 0,AMI 0,FMI 0,Silhouette 0,ARI 1,AMI 1,FMI 1,Silhouette 1
0,0.1315665622494739,0.3535457781639814,0.16856879709800798,0.10310830992878837,0.13166738258137678,0.353605148217809,0.16866623225735317,0.1026172760590233
1,0.1315665622494739,0.3535457781639814,0.16856879709800798,0.10310830992878836,0.13166738258137678,0.353605148217809,0.16866623225735317,0.1026172760590233
