,ARI 0,AMI 0,FMI 0,Silhouette 0,ARI 1,AMI 1,FMI 1,Silhouette 1
0,0.080127594846565,0.23115649949465675,0.1193145131570848,-0.01189332623337794,0.08209715247312932,0.23401647811443596,0.12112643866271718,-0.0389378873835379
1,0.080127594846565,0.23115649949465675,0.1193145131570848,-0.01189332623337794,0.08209715247312932,0.23401647811443596,0.12112643866271718,-0.03893788738353791
