,qual mean ARI,qual std ARI,sim mean ARI,sim std ARI,qual mean AMI,qual std AMI,sim mean AMI,sim std AMI,qual mean FMI,qual std FMI,sim mean FMI,sim std FMI,time mean,time std
0,0.4404923266113893,5.551115123125783e-17,0.17306958022574392,0.02989191709230567,0.5419385109236448,1.1102230246251565e-16,0.20813212926639607,0.031002345794177866,0.6451067570525142,1.1102230246251565e-16,0.11158807595915196,0.019321496952000413,2.3609012683232624,0.48276130874006107
1,0.5082153262485287,0.02024505320418674,0.826930419774256,0.02989191709230567,0.5757388630985654,0.01684842878561848,0.7918678707336038,0.031002345794177863,0.686859912238397,0.012842225705114929,0.8884119240408481,0.01932149695200041,2.3609012683232624,0.48276130874006107
